id,x,y
A,868929.61328125,123513.942908654
B,869031.764122596,123498.360576923
C,869062.928786058,123397.941105769
4,869045.615084135,123223.072716346
5,869026.570012019,122996.263221154
6,869064.66015625,122958.173076923
