id,x,y
A,59076.035,10090.305
B,59263.1291070397,9506.70004323961
C,56962.3681877714,7246.12708762667
